{
	"credit": "Made with Blockbench",
	"texture_size": [96, 96],
	"textures": {
		"0": "item/grue",
		"particle": "item/grue"
	},
	"elements": [
		{
			"from": [5, 21, -15],
			"to": [7, 25, -14],
			"rotation": {"angle": 22.5, "axis": "x", "origin": [11, 22, -15]},
			"faces": {
				"north": {"uv": [2.33333, 9.33333, 2.66667, 10], "texture": "#0"},
				"east": {"uv": [2.16667, 9.33333, 2.33333, 10], "texture": "#0"},
				"south": {"uv": [2.83333, 9.33333, 3.16667, 10], "texture": "#0"},
				"west": {"uv": [2.66667, 9.33333, 2.83333, 10], "texture": "#0"},
				"up": {"uv": [2.66667, 9.33333, 2.33333, 9.16667], "texture": "#0"},
				"down": {"uv": [3, 9.16667, 2.66667, 9.33333], "texture": "#0"}
			}
		},
		{
			"from": [2, 19, -14],
			"to": [14, 31, -6],
			"rotation": {"angle": 0, "axis": "y", "origin": [0, 13, -6]},
			"faces": {
				"north": {"uv": [1.33333, 5, 3.33333, 7], "texture": "#0"},
				"east": {"uv": [0, 5, 1.33333, 7], "texture": "#0"},
				"south": {"uv": [4.66667, 5, 6.66667, 7], "texture": "#0"},
				"west": {"uv": [3.33333, 5, 4.66667, 7], "texture": "#0"},
				"up": {"uv": [3.33333, 5, 1.33333, 3.66667], "texture": "#0"},
				"down": {"uv": [5.33333, 3.66667, 3.33333, 5], "texture": "#0"}
			}
		},
		{
			"from": [2, 25, -16],
			"to": [14, 27, -14],
			"rotation": {"angle": 0, "axis": "y", "origin": [0, 13, -6]},
			"faces": {
				"north": {"uv": [8, 0.33333, 10, 0.66667], "texture": "#0"},
				"east": {"uv": [7.66667, 0.33333, 8, 0.66667], "texture": "#0"},
				"south": {"uv": [10.33333, 0.33333, 12.33333, 0.66667], "texture": "#0"},
				"west": {"uv": [10, 0.33333, 10.33333, 0.66667], "texture": "#0"},
				"up": {"uv": [10, 0.33333, 8, 0], "texture": "#0"},
				"down": {"uv": [12, 0, 10, 0.33333], "texture": "#0"}
			}
		},
		{
			"from": [3, 20, -16],
			"to": [13, 22, -14],
			"rotation": {"angle": 0, "axis": "y", "origin": [0, 13, -6]},
			"faces": {
				"north": {"uv": [10.5, 1, 12.16667, 1.33333], "texture": "#0"},
				"east": {"uv": [10.16667, 1, 10.5, 1.33333], "texture": "#0"},
				"south": {"uv": [12.5, 1, 14.16667, 1.33333], "texture": "#0"},
				"west": {"uv": [12.16667, 1, 12.5, 1.33333], "texture": "#0"},
				"up": {"uv": [12.16667, 1, 10.5, 0.66667], "texture": "#0"},
				"down": {"uv": [13.83333, 0.66667, 12.16667, 1], "texture": "#0"}
			}
		},
		{
			"from": [9, 21, -15],
			"to": [11, 25, -14],
			"rotation": {"angle": 22.5, "axis": "x", "origin": [11, 22, -15]},
			"faces": {
				"north": {"uv": [7, 8.33333, 7.33333, 9], "texture": "#0"},
				"east": {"uv": [6.83333, 8.33333, 7, 9], "texture": "#0"},
				"south": {"uv": [7.5, 8.33333, 7.83333, 9], "texture": "#0"},
				"west": {"uv": [7.33333, 8.33333, 7.5, 9], "texture": "#0"},
				"up": {"uv": [7.33333, 8.33333, 7, 8.16667], "texture": "#0"},
				"down": {"uv": [7.66667, 8.16667, 7.33333, 8.33333], "texture": "#0"}
			}
		},
		{
			"from": [11, 22, -14],
			"to": [13, 26, -13],
			"rotation": {"angle": -22.5, "axis": "x", "origin": [11, 22, -15]},
			"faces": {
				"north": {"uv": [0.16667, 8, 0.5, 8.66667], "texture": "#0"},
				"east": {"uv": [0, 8, 0.16667, 8.66667], "texture": "#0"},
				"south": {"uv": [0.66667, 8, 1, 8.66667], "texture": "#0"},
				"west": {"uv": [0.5, 8, 0.66667, 8.66667], "texture": "#0"},
				"up": {"uv": [0.5, 8, 0.16667, 7.83333], "texture": "#0"},
				"down": {"uv": [0.83333, 7.83333, 0.5, 8], "texture": "#0"}
			}
		},
		{
			"from": [7, 22, -14],
			"to": [9, 26, -13],
			"rotation": {"angle": -22.5, "axis": "x", "origin": [11, 22, -15]},
			"faces": {
				"north": {"uv": [0.16667, 7.16667, 0.5, 7.83333], "texture": "#0"},
				"east": {"uv": [0, 7.16667, 0.16667, 7.83333], "texture": "#0"},
				"south": {"uv": [0.66667, 7.16667, 1, 7.83333], "texture": "#0"},
				"west": {"uv": [0.5, 7.16667, 0.66667, 7.83333], "texture": "#0"},
				"up": {"uv": [0.5, 7.16667, 0.16667, 7], "texture": "#0"},
				"down": {"uv": [0.83333, 7, 0.5, 7.16667], "texture": "#0"}
			}
		},
		{
			"from": [3, 22, -14],
			"to": [5, 26, -13],
			"rotation": {"angle": -22.5, "axis": "x", "origin": [11, 22, -15]},
			"faces": {
				"north": {"uv": [0.16667, 3.83333, 0.5, 4.5], "texture": "#0"},
				"east": {"uv": [0, 3.83333, 0.16667, 4.5], "texture": "#0"},
				"south": {"uv": [0.66667, 3.83333, 1, 4.5], "texture": "#0"},
				"west": {"uv": [0.5, 3.83333, 0.66667, 4.5], "texture": "#0"},
				"up": {"uv": [0.5, 3.83333, 0.16667, 3.66667], "texture": "#0"},
				"down": {"uv": [0.83333, 3.66667, 0.5, 3.83333], "texture": "#0"}
			}
		},
		{
			"from": [0, 19, -6],
			"to": [16, 27, 8],
			"rotation": {"angle": 22.5, "axis": "x", "origin": [7, 23, -6]},
			"faces": {
				"north": {"uv": [2.33333, 2.33333, 5, 3.66667], "texture": "#0"},
				"east": {"uv": [0, 2.33333, 2.33333, 3.66667], "texture": "#0"},
				"south": {"uv": [7.33333, 2.33333, 10, 3.66667], "texture": "#0"},
				"west": {"uv": [5, 2.33333, 7.33333, 3.66667], "texture": "#0"},
				"up": {"uv": [5, 2.33333, 2.33333, 0], "texture": "#0"},
				"down": {"uv": [7.66667, 0, 5, 2.33333], "texture": "#0"}
			}
		},
		{
			"from": [1, 19, 8],
			"to": [15, 26, 14],
			"rotation": {"angle": 22.5, "axis": "x", "origin": [7, 23, -6]},
			"faces": {
				"north": {"uv": [6.66667, 7, 9, 8.16667], "texture": "#0"},
				"east": {"uv": [5.66667, 7, 6.66667, 8.16667], "texture": "#0"},
				"south": {"uv": [10, 7, 12.33333, 8.16667], "texture": "#0"},
				"west": {"uv": [9, 7, 10, 8.16667], "texture": "#0"},
				"up": {"uv": [9, 7, 6.66667, 6], "texture": "#0"},
				"down": {"uv": [11.33333, 6, 9, 7], "texture": "#0"}
			}
		},
		{
			"from": [2, 7, 8],
			"to": [6, 15, 13],
			"faces": {
				"north": {"uv": [10.16667, 3.66667, 10.83333, 5], "texture": "#0"},
				"east": {"uv": [9.33333, 3.66667, 10.16667, 5], "texture": "#0"},
				"south": {"uv": [11.66667, 3.66667, 12.33333, 5], "texture": "#0"},
				"west": {"uv": [10.83333, 3.66667, 11.66667, 5], "texture": "#0"},
				"up": {"uv": [10.83333, 3.66667, 10.16667, 2.83333], "texture": "#0"},
				"down": {"uv": [11.5, 2.83333, 10.83333, 3.66667], "texture": "#0"}
			}
		},
		{
			"from": [10, 7, 8],
			"to": [14, 15, 13],
			"faces": {
				"north": {"uv": [0.83333, 10, 1.5, 11.33333], "texture": "#0"},
				"east": {"uv": [0, 10, 0.83333, 11.33333], "texture": "#0"},
				"south": {"uv": [2.33333, 10, 3, 11.33333], "texture": "#0"},
				"west": {"uv": [1.5, 10, 2.33333, 11.33333], "texture": "#0"},
				"up": {"uv": [1.5, 10, 0.83333, 9.16667], "texture": "#0"},
				"down": {"uv": [2.16667, 9.16667, 1.5, 10], "texture": "#0"}
			}
		},
		{
			"from": [12, 10, -5],
			"to": [17, 22, 0],
			"rotation": {"angle": 0, "axis": "y", "origin": [0, 2, -5]},
			"faces": {
				"north": {"uv": [8.5, 9, 9.33333, 11], "texture": "#0"},
				"east": {"uv": [7.66667, 9, 8.5, 11], "texture": "#0"},
				"south": {"uv": [10.16667, 9, 11, 11], "texture": "#0"},
				"west": {"uv": [9.33333, 9, 10.16667, 11], "texture": "#0"},
				"up": {"uv": [9.33333, 9, 8.5, 8.16667], "texture": "#0"},
				"down": {"uv": [10.16667, 8.16667, 9.33333, 9], "texture": "#0"}
			}
		},
		{
			"from": [-1, 10, -5],
			"to": [4, 22, 0],
			"rotation": {"angle": 0, "axis": "y", "origin": [0, 2, -5]},
			"faces": {
				"north": {"uv": [5.16667, 9, 6, 11], "texture": "#0"},
				"east": {"uv": [4.33333, 9, 5.16667, 11], "texture": "#0"},
				"south": {"uv": [6.83333, 9, 7.66667, 11], "texture": "#0"},
				"west": {"uv": [6, 9, 6.83333, 11], "texture": "#0"},
				"up": {"uv": [6, 9, 5.16667, 8.16667], "texture": "#0"},
				"down": {"uv": [6.83333, 8.16667, 6, 9], "texture": "#0"}
			}
		},
		{
			"from": [12, 0, -13],
			"to": [17, 5, -8],
			"rotation": {"angle": 0, "axis": "y", "origin": [0, 2, -5]},
			"faces": {
				"north": {"uv": [11, 11, 11.83333, 11.83333], "texture": "#0"},
				"east": {"uv": [10.16667, 11, 11, 11.83333], "texture": "#0"},
				"south": {"uv": [12.66667, 11, 13.5, 11.83333], "texture": "#0"},
				"west": {"uv": [11.83333, 11, 12.66667, 11.83333], "texture": "#0"},
				"up": {"uv": [11.83333, 11, 11, 10.16667], "texture": "#0"},
				"down": {"uv": [12.66667, 10.16667, 11.83333, 11], "texture": "#0"}
			}
		},
		{
			"from": [-1, 0, -13],
			"to": [4, 5, -8],
			"rotation": {"angle": 0, "axis": "y", "origin": [0, 2, -5]},
			"faces": {
				"north": {"uv": [8.5, 1.5, 9.33333, 2.33333], "texture": "#0"},
				"east": {"uv": [7.66667, 1.5, 8.5, 2.33333], "texture": "#0"},
				"south": {"uv": [10.16667, 1.5, 11, 2.33333], "texture": "#0"},
				"west": {"uv": [9.33333, 1.5, 10.16667, 2.33333], "texture": "#0"},
				"up": {"uv": [9.33333, 1.5, 8.5, 0.66667], "texture": "#0"},
				"down": {"uv": [10.16667, 0.66667, 9.33333, 1.5], "texture": "#0"}
			}
		},
		{
			"from": [16, 0, -8],
			"to": [17, 1, -5],
			"rotation": {"angle": 0, "axis": "y", "origin": [0, 2, -5]},
			"faces": {
				"north": {"uv": [1.33333, 2, 1.5, 2.16667], "texture": "#0"},
				"east": {"uv": [0.83333, 2, 1.33333, 2.16667], "texture": "#0"},
				"south": {"uv": [2, 2, 2.16667, 2.16667], "texture": "#0"},
				"west": {"uv": [1.5, 2, 2, 2.16667], "texture": "#0"},
				"up": {"uv": [1.5, 2, 1.33333, 1.5], "texture": "#0"},
				"down": {"uv": [1.66667, 1.5, 1.5, 2], "texture": "#0"}
			}
		},
		{
			"from": [3, 0, -8],
			"to": [4, 1, -5],
			"rotation": {"angle": 0, "axis": "y", "origin": [0, 2, -5]},
			"faces": {
				"north": {"uv": [0.5, 1.83333, 0.66667, 2], "texture": "#0"},
				"east": {"uv": [0, 1.83333, 0.5, 2], "texture": "#0"},
				"south": {"uv": [1.16667, 1.83333, 1.33333, 2], "texture": "#0"},
				"west": {"uv": [0.66667, 1.83333, 1.16667, 2], "texture": "#0"},
				"up": {"uv": [0.66667, 1.83333, 0.5, 1.33333], "texture": "#0"},
				"down": {"uv": [0.83333, 1.33333, 0.66667, 1.83333], "texture": "#0"}
			}
		},
		{
			"from": [14, 0, -8],
			"to": [15, 1, -5],
			"rotation": {"angle": 0, "axis": "y", "origin": [0, 2, -5]},
			"faces": {
				"north": {"uv": [1.33333, 1.33333, 1.5, 1.5], "texture": "#0"},
				"east": {"uv": [0.83333, 1.33333, 1.33333, 1.5], "texture": "#0"},
				"south": {"uv": [2, 1.33333, 2.16667, 1.5], "texture": "#0"},
				"west": {"uv": [1.5, 1.33333, 2, 1.5], "texture": "#0"},
				"up": {"uv": [1.5, 1.33333, 1.33333, 0.83333], "texture": "#0"},
				"down": {"uv": [1.66667, 0.83333, 1.5, 1.33333], "texture": "#0"}
			}
		},
		{
			"from": [1, 0, -8],
			"to": [2, 1, -5],
			"rotation": {"angle": 0, "axis": "y", "origin": [0, 2, -5]},
			"faces": {
				"north": {"uv": [1.33333, 0.66667, 1.5, 0.83333], "texture": "#0"},
				"east": {"uv": [0.83333, 0.66667, 1.33333, 0.83333], "texture": "#0"},
				"south": {"uv": [2, 0.66667, 2.16667, 0.83333], "texture": "#0"},
				"west": {"uv": [1.5, 0.66667, 2, 0.83333], "texture": "#0"},
				"up": {"uv": [1.5, 0.66667, 1.33333, 0.16667], "texture": "#0"},
				"down": {"uv": [1.66667, 0.16667, 1.5, 0.66667], "texture": "#0"}
			}
		},
		{
			"from": [12, 0, -8],
			"to": [13, 1, -5],
			"rotation": {"angle": 0, "axis": "y", "origin": [0, 2, -5]},
			"faces": {
				"north": {"uv": [0.5, 1.16667, 0.66667, 1.33333], "texture": "#0"},
				"east": {"uv": [0, 1.16667, 0.5, 1.33333], "texture": "#0"},
				"south": {"uv": [1.16667, 1.16667, 1.33333, 1.33333], "texture": "#0"},
				"west": {"uv": [0.66667, 1.16667, 1.16667, 1.33333], "texture": "#0"},
				"up": {"uv": [0.66667, 1.16667, 0.5, 0.66667], "texture": "#0"},
				"down": {"uv": [0.83333, 0.66667, 0.66667, 1.16667], "texture": "#0"}
			}
		},
		{
			"from": [-1, 0, -8],
			"to": [0, 1, -5],
			"rotation": {"angle": 0, "axis": "y", "origin": [0, 2, -5]},
			"faces": {
				"north": {"uv": [0.5, 0.5, 0.66667, 0.66667], "texture": "#0"},
				"east": {"uv": [0, 0.5, 0.5, 0.66667], "texture": "#0"},
				"south": {"uv": [1.16667, 0.5, 1.33333, 0.66667], "texture": "#0"},
				"west": {"uv": [0.66667, 0.5, 1.16667, 0.66667], "texture": "#0"},
				"up": {"uv": [0.66667, 0.5, 0.5, 0], "texture": "#0"},
				"down": {"uv": [0.83333, 0, 0.66667, 0.5], "texture": "#0"}
			}
		},
		{
			"from": [12, 1, -6],
			"to": [13, 2, -5],
			"rotation": {"angle": 0, "axis": "y", "origin": [0, 2, -5]},
			"faces": {
				"north": {"uv": [0.16667, 4.66667, 0.33333, 4.83333], "texture": "#0"},
				"east": {"uv": [0, 4.66667, 0.16667, 4.83333], "texture": "#0"},
				"south": {"uv": [0.5, 4.66667, 0.66667, 4.83333], "texture": "#0"},
				"west": {"uv": [0.33333, 4.66667, 0.5, 4.83333], "texture": "#0"},
				"up": {"uv": [0.33333, 4.66667, 0.16667, 4.5], "texture": "#0"},
				"down": {"uv": [0.5, 4.5, 0.33333, 4.66667], "texture": "#0"}
			}
		},
		{
			"from": [-1, 1, -6],
			"to": [0, 2, -5],
			"rotation": {"angle": 0, "axis": "y", "origin": [0, 2, -5]},
			"faces": {
				"north": {"uv": [0.16667, 2.16667, 0.33333, 2.33333], "texture": "#0"},
				"east": {"uv": [0, 2.16667, 0.16667, 2.33333], "texture": "#0"},
				"south": {"uv": [0.5, 2.16667, 0.66667, 2.33333], "texture": "#0"},
				"west": {"uv": [0.33333, 2.16667, 0.5, 2.33333], "texture": "#0"},
				"up": {"uv": [0.33333, 2.16667, 0.16667, 2], "texture": "#0"},
				"down": {"uv": [0.5, 2, 0.33333, 2.16667], "texture": "#0"}
			}
		},
		{
			"from": [14, 1, -6],
			"to": [15, 2, -5],
			"rotation": {"angle": 0, "axis": "y", "origin": [0, 2, -5]},
			"faces": {
				"north": {"uv": [1.83333, 1.66667, 2, 1.83333], "texture": "#0"},
				"east": {"uv": [1.66667, 1.66667, 1.83333, 1.83333], "texture": "#0"},
				"south": {"uv": [2.16667, 1.66667, 2.33333, 1.83333], "texture": "#0"},
				"west": {"uv": [2, 1.66667, 2.16667, 1.83333], "texture": "#0"},
				"up": {"uv": [2, 1.66667, 1.83333, 1.5], "texture": "#0"},
				"down": {"uv": [2.16667, 1.5, 2, 1.66667], "texture": "#0"}
			}
		},
		{
			"from": [16, 1, -6],
			"to": [17, 2, -5],
			"rotation": {"angle": 0, "axis": "y", "origin": [0, 2, -5]},
			"faces": {
				"north": {"uv": [1.83333, 1, 2, 1.16667], "texture": "#0"},
				"east": {"uv": [1.66667, 1, 1.83333, 1.16667], "texture": "#0"},
				"south": {"uv": [2.16667, 1, 2.33333, 1.16667], "texture": "#0"},
				"west": {"uv": [2, 1, 2.16667, 1.16667], "texture": "#0"},
				"up": {"uv": [2, 1, 1.83333, 0.83333], "texture": "#0"},
				"down": {"uv": [2.16667, 0.83333, 2, 1], "texture": "#0"}
			}
		},
		{
			"from": [1, 1, -6],
			"to": [2, 2, -5],
			"rotation": {"angle": 0, "axis": "y", "origin": [0, 2, -5]},
			"faces": {
				"north": {"uv": [1.83333, 0.5, 2, 0.66667], "texture": "#0"},
				"east": {"uv": [1.66667, 0.5, 1.83333, 0.66667], "texture": "#0"},
				"south": {"uv": [2.16667, 0.5, 2.33333, 0.66667], "texture": "#0"},
				"west": {"uv": [2, 0.5, 2.16667, 0.66667], "texture": "#0"},
				"up": {"uv": [2, 0.5, 1.83333, 0.33333], "texture": "#0"},
				"down": {"uv": [2.16667, 0.33333, 2, 0.5], "texture": "#0"}
			}
		},
		{
			"from": [3, 1, -6],
			"to": [4, 2, -5],
			"rotation": {"angle": 0, "axis": "y", "origin": [0, 2, -5]},
			"faces": {
				"north": {"uv": [1.83333, 0.16667, 2, 0.33333], "texture": "#0"},
				"east": {"uv": [1.66667, 0.16667, 1.83333, 0.33333], "texture": "#0"},
				"south": {"uv": [2.16667, 0.16667, 2.33333, 0.33333], "texture": "#0"},
				"west": {"uv": [2, 0.16667, 2.16667, 0.33333], "texture": "#0"},
				"up": {"uv": [2, 0.16667, 1.83333, 0], "texture": "#0"},
				"down": {"uv": [2.16667, 0, 2, 0.16667], "texture": "#0"}
			}
		},
		{
			"from": [13, 0, -4],
			"to": [16, 11, 0],
			"rotation": {"angle": 45, "axis": "x", "origin": [15, 12, -2]},
			"faces": {
				"north": {"uv": [5.33333, 11.66667, 5.83333, 13.5], "texture": "#0"},
				"east": {"uv": [4.66667, 11.66667, 5.33333, 13.5], "texture": "#0"},
				"south": {"uv": [6.5, 11.66667, 7, 13.5], "texture": "#0"},
				"west": {"uv": [5.83333, 11.66667, 6.5, 13.5], "texture": "#0"},
				"up": {"uv": [5.83333, 11.66667, 5.33333, 11], "texture": "#0"},
				"down": {"uv": [6.33333, 11, 5.83333, 11.66667], "texture": "#0"}
			}
		},
		{
			"from": [0, 0, -4],
			"to": [3, 11, 0],
			"rotation": {"angle": 45, "axis": "x", "origin": [1, 12, -2]},
			"faces": {
				"north": {"uv": [3, 11.33333, 3.5, 13.16667], "texture": "#0"},
				"east": {"uv": [2.33333, 11.33333, 3, 13.16667], "texture": "#0"},
				"south": {"uv": [4.16667, 11.33333, 4.66667, 13.16667], "texture": "#0"},
				"west": {"uv": [3.5, 11.33333, 4.16667, 13.16667], "texture": "#0"},
				"up": {"uv": [3.5, 11.33333, 3, 10.66667], "texture": "#0"},
				"down": {"uv": [4, 10.66667, 3.5, 11.33333], "texture": "#0"}
			}
		},
		{
			"from": [10, 0, 15],
			"to": [15, 4, 18],
			"faces": {
				"north": {"uv": [7.5, 11.5, 8.33333, 12.16667], "texture": "#0"},
				"east": {"uv": [7, 11.5, 7.5, 12.16667], "texture": "#0"},
				"south": {"uv": [8.83333, 11.5, 9.66667, 12.16667], "texture": "#0"},
				"west": {"uv": [8.33333, 11.5, 8.83333, 12.16667], "texture": "#0"},
				"up": {"uv": [8.33333, 11.5, 7.5, 11], "texture": "#0"},
				"down": {"uv": [9.16667, 11, 8.33333, 11.5], "texture": "#0"}
			}
		},
		{
			"from": [1, 0, 15],
			"to": [6, 4, 18],
			"faces": {
				"north": {"uv": [11.5, 1.83333, 12.33333, 2.5], "texture": "#0"},
				"east": {"uv": [11, 1.83333, 11.5, 2.5], "texture": "#0"},
				"south": {"uv": [12.83333, 1.83333, 13.66667, 2.5], "texture": "#0"},
				"west": {"uv": [12.33333, 1.83333, 12.83333, 2.5], "texture": "#0"},
				"up": {"uv": [12.33333, 1.83333, 11.5, 1.33333], "texture": "#0"},
				"down": {"uv": [13.16667, 1.33333, 12.33333, 1.83333], "texture": "#0"}
			}
		},
		{
			"from": [10, 0, 11],
			"to": [15, 2, 15],
			"faces": {
				"north": {"uv": [3.33333, 7.66667, 4.16667, 8], "texture": "#0"},
				"east": {"uv": [2.66667, 7.66667, 3.33333, 8], "texture": "#0"},
				"south": {"uv": [4.83333, 7.66667, 5.66667, 8], "texture": "#0"},
				"west": {"uv": [4.16667, 7.66667, 4.83333, 8], "texture": "#0"},
				"up": {"uv": [4.16667, 7.66667, 3.33333, 7], "texture": "#0"},
				"down": {"uv": [5, 7, 4.16667, 7.66667], "texture": "#0"}
			}
		},
		{
			"from": [1, 0, 11],
			"to": [6, 2, 15],
			"faces": {
				"north": {"uv": [6, 4.33333, 6.83333, 4.66667], "texture": "#0"},
				"east": {"uv": [5.33333, 4.33333, 6, 4.66667], "texture": "#0"},
				"south": {"uv": [7.5, 4.33333, 8.33333, 4.66667], "texture": "#0"},
				"west": {"uv": [6.83333, 4.33333, 7.5, 4.66667], "texture": "#0"},
				"up": {"uv": [6.83333, 4.33333, 6, 3.66667], "texture": "#0"},
				"down": {"uv": [7.66667, 3.66667, 6.83333, 4.33333], "texture": "#0"}
			}
		},
		{
			"from": [11, 4, 8],
			"to": [14, 7, 18],
			"faces": {
				"north": {"uv": [1.66667, 8.66667, 2.16667, 9.16667], "texture": "#0"},
				"east": {"uv": [0, 8.66667, 1.66667, 9.16667], "texture": "#0"},
				"south": {"uv": [3.83333, 8.66667, 4.33333, 9.16667], "texture": "#0"},
				"west": {"uv": [2.16667, 8.66667, 3.83333, 9.16667], "texture": "#0"},
				"up": {"uv": [2.16667, 8.66667, 1.66667, 7], "texture": "#0"},
				"down": {"uv": [2.66667, 7, 2.16667, 8.66667], "texture": "#0"}
			}
		},
		{
			"from": [2, 4, 8],
			"to": [5, 7, 18],
			"faces": {
				"north": {"uv": [8.33333, 5.33333, 8.83333, 5.83333], "texture": "#0"},
				"east": {"uv": [6.66667, 5.33333, 8.33333, 5.83333], "texture": "#0"},
				"south": {"uv": [10.5, 5.33333, 11, 5.83333], "texture": "#0"},
				"west": {"uv": [8.83333, 5.33333, 10.5, 5.83333], "texture": "#0"},
				"up": {"uv": [8.83333, 5.33333, 8.33333, 3.66667], "texture": "#0"},
				"down": {"uv": [9.33333, 3.66667, 8.83333, 5.33333], "texture": "#0"}
			}
		}
	],
	"display": {
		"head": {
			"translation": [0, -28.75, 11.5],
			"scale": [2, 2, 2]
		}
	},
	"groups": [
		{
			"name": "MAIN",
			"origin": [11, 9, -9],
			"color": 0,
			"nbt": "{}",
			"children": [0, 1, 2, 3, 4, 5, 6, 7, 8, 9, 10, 11, 12, 13, 14, 15, 16, 17, 18, 19, 20, 21, 22, 23, 24, 25, 26, 27, 28, 29, 30, 31, 32, 33, 34, 35]
		}
	]
}